-- phpMyAdmin SQL Dump
-- version 5.1.1
-- https://www.phpmyadmin.net/
--
-- Host: 127.0.0.1
-- Generation Time: Sep 08, 2022 at 12:16 PM
-- Server version: 10.4.22-MariaDB
-- PHP Version: 7.3.33

SET SQL_MODE = "NO_AUTO_VALUE_ON_ZERO";
START TRANSACTION;
SET time_zone = "+00:00";


/*!40101 SET @OLD_CHARACTER_SET_CLIENT=@@CHARACTER_SET_CLIENT */;
/*!40101 SET @OLD_CHARACTER_SET_RESULTS=@@CHARACTER_SET_RESULTS */;
/*!40101 SET @OLD_COLLATION_CONNECTION=@@COLLATION_CONNECTION */;
/*!40101 SET NAMES utf8mb4 */;

--
-- Database: `laundry`
--

DELIMITER $$
--
-- Functions
--
CREATE DEFINER=`root`@`localhost` FUNCTION `jmlPenghasilan` (`tanggal_awal` DATETIME, `tanggal_akhir` DATETIME) RETURNS INT(11) BEGIN 
	DECLARE jmlHasil INT;
	SELECT sum(
			(
			((paket.harga_paket * detail_transaksi.kuantitas) + transaksi.biaya_tambahan) - 
			(((paket.harga_paket * detail_transaksi.kuantitas) + transaksi.biaya_tambahan) * transaksi.diskon / 100)
			) 
			+ 
			((
			(((paket.harga_paket * detail_transaksi.kuantitas) + transaksi.biaya_tambahan) - 
			(((paket.harga_paket * detail_transaksi.kuantitas) + transaksi.biaya_tambahan) * transaksi.diskon / 100)) 
			* transaksi.pajak
			) / 100)
		) as penghasilan INTO jmlHasil
		FROM transaksi
		INNER JOIN user ON transaksi.id_user = user.id_user 
		INNER JOIN member ON transaksi.id_member = member.id_member 
		INNER JOIN detail_transaksi ON transaksi.id_transaksi = detail_transaksi.id_transaksi 
		INNER JOIN paket ON detail_transaksi.id_paket = paket.id_paket 
		INNER JOIN jenis_paket ON paket.id_jenis_paket = jenis_paket.id_jenis_paket 
		INNER JOIN outlet ON transaksi.id_outlet = outlet.id_outlet WHERE transaksi.tanggal_transaksi 
		BETWEEN tanggal_awal AND tanggal_akhir;
	RETURN jmlHasil;
END$$

CREATE DEFINER=`root`@`localhost` FUNCTION `jmlStatusTanggal` (`st` ENUM('proses','dicuci','siap diambil','sudah diambil'), `tgl` DATE) RETURNS INT(11) NO SQL
BEGIN
DECLARE jmlHasil INT;
SELECT COUNT(*) AS jml INTO jmlHasil FROM transaksi WHERE status_transaksi = st AND date(tanggal_transaksi) = tgl;
RETURN jmlHasil;
END$$

CREATE DEFINER=`root`@`localhost` FUNCTION `jmlTransPaket` (`idPaket` INT) RETURNS INT(11) BEGIN
DECLARE jmlHasil INT;
	SELECT COUNT(*) as jml INTO jmlHasil FROM detail_transaksi WHERE id_paket = idPaket;
    RETURN jmlHasil;
END$$

DELIMITER ;

-- --------------------------------------------------------

--
-- Table structure for table `biodata`
--

CREATE TABLE `biodata` (
  `id_biodata` int(11) NOT NULL,
  `nama_lengkap` varchar(100) COLLATE utf8_unicode_ci NOT NULL,
  `tempat_lahir` varchar(100) COLLATE utf8_unicode_ci NOT NULL,
  `tanggal_lahir` date NOT NULL,
  `jenis_kelamin` enum('pria','wanita') COLLATE utf8_unicode_ci NOT NULL,
  `golongan_darah` enum('o','a','b','ab') COLLATE utf8_unicode_ci DEFAULT NULL,
  `telepon` varchar(25) COLLATE utf8_unicode_ci NOT NULL,
  `email` varchar(200) COLLATE utf8_unicode_ci NOT NULL,
  `alamat` text COLLATE utf8_unicode_ci NOT NULL,
  `foto` text COLLATE utf8_unicode_ci NOT NULL,
  `id_user` int(11) NOT NULL
) ENGINE=InnoDB DEFAULT CHARSET=utf8 COLLATE=utf8_unicode_ci;

--
-- Dumping data for table `biodata`
--


-- --------------------------------------------------------

--
-- Table structure for table `detail_transaksi`
--

CREATE TABLE `detail_transaksi` (
  `id_detail_transaksi` int(11) NOT NULL,
  `kuantitas` float NOT NULL,
  `keterangan` text COLLATE utf8_unicode_ci NOT NULL,
  `id_transaksi` int(11) NOT NULL,
  `id_paket` int(11) NOT NULL
) ENGINE=InnoDB DEFAULT CHARSET=utf8 COLLATE=utf8_unicode_ci;

--
-- Dumping data for table `detail_transaksi`
--



-- --------------------------------------------------------

--
-- Table structure for table `jabatan`
--

CREATE TABLE `jabatan` (
  `id_jabatan` int(11) NOT NULL,
  `nama_jabatan` varchar(100) COLLATE utf8_unicode_ci NOT NULL
) ENGINE=InnoDB DEFAULT CHARSET=utf8 COLLATE=utf8_unicode_ci;

--
-- Dumping data for table `jabatan`
--

INSERT INTO `jabatan` (`id_jabatan`, `nama_jabatan`) VALUES
(1, 'super administrator'),
(2, 'administrator'),
(3, 'kasir'),
(4, 'owner');

-- --------------------------------------------------------

--
-- Table structure for table `jenis_paket`
--

CREATE TABLE `jenis_paket` (
  `id_jenis_paket` int(11) NOT NULL,
  `nama_jenis_paket` varchar(100) COLLATE utf8_unicode_ci NOT NULL
) ENGINE=InnoDB DEFAULT CHARSET=utf8 COLLATE=utf8_unicode_ci;

--
-- Dumping data for table `jenis_paket`
--

INSERT INTO `jenis_paket` (`id_jenis_paket`, `nama_jenis_paket`) VALUES
(1, 'kiloan'),
(2, 'selimut'),
(3, 'bed cover'),
(4, 'Kaos'),
(6, 'Celana'),
(8, 'satuan');

-- --------------------------------------------------------

--
-- Table structure for table `log`
--

CREATE TABLE `log` (
  `id_log` int(11) NOT NULL,
  `isi_log` varchar(100) COLLATE utf8_unicode_ci NOT NULL,
  `tanggal_log` datetime NOT NULL,
  `id_user` int(11) NOT NULL
) ENGINE=InnoDB DEFAULT CHARSET=utf8 COLLATE=utf8_unicode_ci;

--
-- Dumping data for table `log`
--


-- --------------------------------------------------------

--
-- Table structure for table `member`
--

CREATE TABLE `member` (
  `id_member` int(11) NOT NULL,
  `nama_member` varchar(100) COLLATE utf8_unicode_ci NOT NULL,
  `jenis_kelamin` enum('pria','wanita') COLLATE utf8_unicode_ci NOT NULL,
  `telepon_member` varchar(25) COLLATE utf8_unicode_ci NOT NULL,
  `email_member` varchar(200) COLLATE utf8_unicode_ci DEFAULT NULL,
  `alamat_member` text COLLATE utf8_unicode_ci NOT NULL
) ENGINE=InnoDB DEFAULT CHARSET=utf8 COLLATE=utf8_unicode_ci;

--
-- Dumping data for table `member`
--


-- --------------------------------------------------------

--
-- Table structure for table `outlet`
--

CREATE TABLE `outlet` (
  `id_outlet` int(11) NOT NULL,
  `nama_outlet` varchar(100) COLLATE utf8_unicode_ci NOT NULL,
  `telepon_outlet` varchar(25) COLLATE utf8_unicode_ci NOT NULL,
  `alamat_outlet` text COLLATE utf8_unicode_ci NOT NULL
) ENGINE=InnoDB DEFAULT CHARSET=utf8 COLLATE=utf8_unicode_ci;

--
-- Dumping data for table `outlet`
--

INSERT INTO `outlet` (`id_outlet`, `nama_outlet`, `telepon_outlet`, `alamat_outlet`) VALUES
(1, 'Permata Laundry I', '081222333454', 'Jl. Perjuangan, Gg. Melati II, Kecamatan Pati, Kabupaten Pati.'),
(2, 'Permata Laundry II', '085666777898', 'Jl. Jendral Sudirman No.22, Kecamatan Pati, Kabupaten Pati, Provinsi Jawa Tengah');

-- --------------------------------------------------------

--
-- Table structure for table `paket`
--

CREATE TABLE `paket` (
  `id_paket` int(11) NOT NULL,
  `nama_paket` varchar(100) COLLATE utf8_unicode_ci NOT NULL,
  `harga_paket` int(11) NOT NULL,
  `id_outlet` int(11) NOT NULL,
  `id_jenis_paket` int(11) NOT NULL
) ENGINE=InnoDB DEFAULT CHARSET=utf8 COLLATE=utf8_unicode_ci;

--
-- Dumping data for table `paket`
--

INSERT INTO `paket` (`id_paket`, `nama_paket`, `harga_paket`, `id_outlet`, `id_jenis_paket`) VALUES
(1, 'Kiloan Biasa AJA', 8000, 1, 1),
(2, 'Satuan aja mas', 4000, 1, 8),
(3, 'WoW! Bed cover Ada disini!', 25000, 1, 3),
(4, 'Reguler Kiloan', 7000, 2, 1),
(5, 'Reguler Satuan', 2500, 2, 8),
(6, 'Kiloan Raja Laut', 10000, 2, 1);

-- --------------------------------------------------------

--
-- Table structure for table `pembayaran`
--

CREATE TABLE `pembayaran` (
  `id_pembayaran` int(11) NOT NULL,
  `id_transaksi` int(11) NOT NULL,
  `id_user` int(11) NOT NULL,
  `total_harga` int(11) NOT NULL,
  `uang_yg_dibayar` int(11) NOT NULL,
  `kembalian` int(11) NOT NULL
) ENGINE=InnoDB DEFAULT CHARSET=utf8 COLLATE=utf8_unicode_ci;

--
-- Dumping data for table `pembayaran`
--



-- --------------------------------------------------------

--
-- Table structure for table `transaksi`
--

CREATE TABLE `transaksi` (
  `id_transaksi` int(11) NOT NULL,
  `kode_invoice` varchar(100) COLLATE utf8_unicode_ci NOT NULL,
  `tanggal_transaksi` datetime NOT NULL,
  `batas_waktu` datetime NOT NULL,
  `tanggal_bayar` datetime NOT NULL,
  `biaya_tambahan` int(11) NOT NULL,
  `diskon` float NOT NULL,
  `pajak` int(11) NOT NULL,
  `status_transaksi` enum('proses','dicuci','siap diambil','sudah diambil') COLLATE utf8_unicode_ci NOT NULL,
  `status_bayar` enum('belum dibayar','sudah dibayar') COLLATE utf8_unicode_ci NOT NULL,
  `id_member` int(11) NOT NULL,
  `id_outlet` int(11) NOT NULL,
  `id_user` int(11) NOT NULL
) ENGINE=InnoDB DEFAULT CHARSET=utf8 COLLATE=utf8_unicode_ci;

--
-- Dumping data for table `transaksi`
--


-- --------------------------------------------------------

--
-- Table structure for table `user`
--

CREATE TABLE `user` (
  `id_user` int(11) NOT NULL,
  `username` varchar(100) COLLATE utf8_unicode_ci NOT NULL,
  `password` varchar(255) COLLATE utf8_unicode_ci NOT NULL,
  `id_outlet` int(11) NOT NULL,
  `id_jabatan` int(11) NOT NULL
) ENGINE=InnoDB DEFAULT CHARSET=utf8 COLLATE=utf8_unicode_ci;

--
-- Dumping data for table `user`
--

INSERT INTO `user` (`id_user`, `username`, `password`, `id_outlet`, `id_jabatan`) VALUES
(1, 'super_administrator', '$2y$10$.zk2CNXlXauzDhI38F721.2ExLvw3hvDxE4hA.v/m.ANSGrPiPleC', 1, 1),
(2, 'andre975', '$2y$10$pFEavlHoN3M8NqpoW.XfGOZ7lBnWngElDkijqaBoAs4uwEpS1HrBq', 1, 2),
(3, 'irgi12', '$2y$10$z6U4gqlXkVHxVn9DeR5wveVUPvkWcscdODMoK4Xdzcj256mkbg666', 1, 3),
(4, 'salsa321', '$2y$10$LLS4fpdOsBbDjFjHwtEh3OwsFNILOAOJ6JEGga3zE1HupDLq/7wpa', 1, 4),
(5, 'indah76', '$2y$10$yUxIEeuKhyKhY0lb9yF9puoiiTIEf1hHMoffBDRm.B4XPfBOL76mi', 2, 2),
(6, 'rian43', '$2y$10$8VkjMkKQAwT/ZrX51WjSMOzeLTPpczX96FT87BFawgiBumVBDR6u.', 2, 3),
(7, 'febyfeb09', '$2y$10$/TSrLFZd8Gv.4jayCmp/FOezrEmsWGcVgWU/Pn89PdWfJFlkpY8DO', 2, 4),
(8, 'gita32', '$2y$10$o23vOagRlojnwlOQdBYQbuRCCC17eSmLyXytEC0o1ITwmjCPTgT7W', 1, 2),
(9, 'admin', '$2y$10$mPmIFV7CtajZh3HLiorcJO43ygVgHiLdnS8OqNykGAEoMRad/p.He', 1, 2),
(10, 'kasir', '$2y$10$89HhajyNfVEzwWnLc7usA.v.rgqqjM7DOh2Af2szUQMoUjH8VmMOG', 1, 3),
(11, 'owner', '$2y$10$oBxi4aMC5Tmietnf9t1T..pXUSil4YriPG5ZHGEN9Y2MKRGUC3I0O', 1, 4);

--
-- Indexes for dumped tables
--

--
-- Indexes for table `biodata`
--
ALTER TABLE `biodata`
  ADD PRIMARY KEY (`id_biodata`),
  ADD KEY `id_user` (`id_user`);

--
-- Indexes for table `detail_transaksi`
--
ALTER TABLE `detail_transaksi`
  ADD PRIMARY KEY (`id_detail_transaksi`),
  ADD KEY `id_transaksi` (`id_transaksi`),
  ADD KEY `id_paket` (`id_paket`);

--
-- Indexes for table `jabatan`
--
ALTER TABLE `jabatan`
  ADD PRIMARY KEY (`id_jabatan`);

--
-- Indexes for table `jenis_paket`
--
ALTER TABLE `jenis_paket`
  ADD PRIMARY KEY (`id_jenis_paket`);

--
-- Indexes for table `log`
--
ALTER TABLE `log`
  ADD PRIMARY KEY (`id_log`),
  ADD KEY `id_user` (`id_user`);

--
-- Indexes for table `member`
--
ALTER TABLE `member`
  ADD PRIMARY KEY (`id_member`);

--
-- Indexes for table `outlet`
--
ALTER TABLE `outlet`
  ADD PRIMARY KEY (`id_outlet`);

--
-- Indexes for table `paket`
--
ALTER TABLE `paket`
  ADD PRIMARY KEY (`id_paket`),
  ADD KEY `id_outlet` (`id_outlet`),
  ADD KEY `id_jenis_paket` (`id_jenis_paket`);

--
-- Indexes for table `pembayaran`
--
ALTER TABLE `pembayaran`
  ADD PRIMARY KEY (`id_pembayaran`),
  ADD KEY `id_transaksi` (`id_transaksi`),
  ADD KEY `id_user` (`id_user`);

--
-- Indexes for table `transaksi`
--
ALTER TABLE `transaksi`
  ADD PRIMARY KEY (`id_transaksi`),
  ADD KEY `id_member` (`id_member`),
  ADD KEY `id_outlet` (`id_outlet`),
  ADD KEY `id_user` (`id_user`);

--
-- Indexes for table `user`
--
ALTER TABLE `user`
  ADD PRIMARY KEY (`id_user`),
  ADD KEY `id_outlet` (`id_outlet`),
  ADD KEY `id_jabatan` (`id_jabatan`);

--
-- AUTO_INCREMENT for dumped tables
--

--
-- AUTO_INCREMENT for table `biodata`
--
ALTER TABLE `biodata`
  MODIFY `id_biodata` int(11) NOT NULL AUTO_INCREMENT, AUTO_INCREMENT=12;

--
-- AUTO_INCREMENT for table `detail_transaksi`
--
ALTER TABLE `detail_transaksi`
  MODIFY `id_detail_transaksi` int(11) NOT NULL AUTO_INCREMENT, AUTO_INCREMENT=65;

--
-- AUTO_INCREMENT for table `jabatan`
--
ALTER TABLE `jabatan`
  MODIFY `id_jabatan` int(11) NOT NULL AUTO_INCREMENT, AUTO_INCREMENT=5;

--
-- AUTO_INCREMENT for table `jenis_paket`
--
ALTER TABLE `jenis_paket`
  MODIFY `id_jenis_paket` int(11) NOT NULL AUTO_INCREMENT, AUTO_INCREMENT=9;

--
-- AUTO_INCREMENT for table `log`
--
ALTER TABLE `log`
  MODIFY `id_log` int(11) NOT NULL AUTO_INCREMENT, AUTO_INCREMENT=1079;

--
-- AUTO_INCREMENT for table `member`
--
ALTER TABLE `member`
  MODIFY `id_member` int(11) NOT NULL AUTO_INCREMENT, AUTO_INCREMENT=20;

--
-- AUTO_INCREMENT for table `outlet`
--
ALTER TABLE `outlet`
  MODIFY `id_outlet` int(11) NOT NULL AUTO_INCREMENT, AUTO_INCREMENT=3;

--
-- AUTO_INCREMENT for table `paket`
--
ALTER TABLE `paket`
  MODIFY `id_paket` int(11) NOT NULL AUTO_INCREMENT, AUTO_INCREMENT=7;

--
-- AUTO_INCREMENT for table `pembayaran`
--
ALTER TABLE `pembayaran`
  MODIFY `id_pembayaran` int(11) NOT NULL AUTO_INCREMENT, AUTO_INCREMENT=29;

--
-- AUTO_INCREMENT for table `transaksi`
--
ALTER TABLE `transaksi`
  MODIFY `id_transaksi` int(11) NOT NULL AUTO_INCREMENT, AUTO_INCREMENT=46;

--
-- AUTO_INCREMENT for table `user`
--
ALTER TABLE `user`
  MODIFY `id_user` int(11) NOT NULL AUTO_INCREMENT, AUTO_INCREMENT=12;

--
-- Constraints for dumped tables
--

--
-- Constraints for table `biodata`
--
ALTER TABLE `biodata`
  ADD CONSTRAINT `biodata_ibfk_1` FOREIGN KEY (`id_user`) REFERENCES `user` (`id_user`) ON DELETE CASCADE ON UPDATE CASCADE;

--
-- Constraints for table `detail_transaksi`
--
ALTER TABLE `detail_transaksi`
  ADD CONSTRAINT `detail_transaksi_ibfk_1` FOREIGN KEY (`id_transaksi`) REFERENCES `transaksi` (`id_transaksi`) ON DELETE CASCADE ON UPDATE CASCADE,
  ADD CONSTRAINT `detail_transaksi_ibfk_2` FOREIGN KEY (`id_paket`) REFERENCES `paket` (`id_paket`) ON DELETE CASCADE ON UPDATE CASCADE;

--
-- Constraints for table `log`
--
ALTER TABLE `log`
  ADD CONSTRAINT `log_ibfk_1` FOREIGN KEY (`id_user`) REFERENCES `user` (`id_user`) ON DELETE NO ACTION ON UPDATE NO ACTION;

--
-- Constraints for table `paket`
--
ALTER TABLE `paket`
  ADD CONSTRAINT `paket_ibfk_1` FOREIGN KEY (`id_jenis_paket`) REFERENCES `jenis_paket` (`id_jenis_paket`) ON DELETE CASCADE ON UPDATE CASCADE,
  ADD CONSTRAINT `paket_ibfk_2` FOREIGN KEY (`id_outlet`) REFERENCES `outlet` (`id_outlet`) ON DELETE CASCADE ON UPDATE CASCADE;

--
-- Constraints for table `pembayaran`
--
ALTER TABLE `pembayaran`
  ADD CONSTRAINT `pembayaran_ibfk_1` FOREIGN KEY (`id_user`) REFERENCES `user` (`id_user`) ON DELETE NO ACTION ON UPDATE CASCADE,
  ADD CONSTRAINT `pembayaran_ibfk_2` FOREIGN KEY (`id_transaksi`) REFERENCES `transaksi` (`id_transaksi`) ON DELETE NO ACTION ON UPDATE CASCADE;

--
-- Constraints for table `transaksi`
--
ALTER TABLE `transaksi`
  ADD CONSTRAINT `transaksi_ibfk_1` FOREIGN KEY (`id_outlet`) REFERENCES `outlet` (`id_outlet`) ON DELETE CASCADE ON UPDATE CASCADE,
  ADD CONSTRAINT `transaksi_ibfk_2` FOREIGN KEY (`id_user`) REFERENCES `user` (`id_user`) ON DELETE CASCADE ON UPDATE CASCADE,
  ADD CONSTRAINT `transaksi_ibfk_3` FOREIGN KEY (`id_member`) REFERENCES `member` (`id_member`) ON DELETE CASCADE ON UPDATE CASCADE;

--
-- Constraints for table `user`
--
ALTER TABLE `user`
  ADD CONSTRAINT `user_ibfk_1` FOREIGN KEY (`id_outlet`) REFERENCES `outlet` (`id_outlet`) ON DELETE CASCADE ON UPDATE CASCADE,
  ADD CONSTRAINT `user_ibfk_2` FOREIGN KEY (`id_jabatan`) REFERENCES `jabatan` (`id_jabatan`) ON DELETE CASCADE ON UPDATE CASCADE;
COMMIT;

/*!40101 SET CHARACTER_SET_CLIENT=@OLD_CHARACTER_SET_CLIENT */;
/*!40101 SET CHARACTER_SET_RESULTS=@OLD_CHARACTER_SET_RESULTS */;
/*!40101 SET COLLATION_CONNECTION=@OLD_COLLATION_CONNECTION */;
